Gemeineschluessel;Kreisschluessel;Stimmkreis;Name
161000;161;119;Ingolstadt, krfr. St
162001;162;108;Altstadt-Lehel
162002;162;109;Ludwigvorstadt-Isarvorstadt
162003;162;108;Maxvorstadt
162004;162;104;Schwabing-West
162005;162;109;Au-Haidhausen
162006;162;103;Sendling
162007;162;101;Sendling-Westpark
162008;162;109;Schwanthalerhöhe
162009;162;109;Neuhausen-Nymphenburg
162010;162;105;Moosach
162011;162;104;Milbertshofen-Am Hart
162012;162;108;Schwabing-Freimann
162013;162;102;Bogenhausen
162014;162;102;Berg am Laim
162015;162;107;Trudering-Riem
162016;162;107;Ramersdorf-Perlach
162017;162;103;Obergiesing-Fasangarten
162018;162;103;Untergiesing-Harlaching
162019;162;103;Thalkirchen-Obersendling-Forstenried-Solln
162020;162;101;Hadern
162021;162;106;Pasing-Obermenzing
162022;162;106;Aubing-Lochhausen-Langwied
162023;162;106;Allach-Untermenzing
162024;162;105;Feldmoching-Hasenbergl
162025;162;105;Laim
163000;163;127;Rosenheim, krfr. St
171111;171;110;Altötting, St
171112;171;110;Burghausen, St
171113;171;110;Burgkirchen a.d.Alz
171114;171;110;Emmerting
171115;171;110;Erlbach
171116;171;110;Feichten a.d.Alz
171117;171;110;Garching a.d.Alz
171118;171;110;Haiming
171119;171;110;Halsbach
171121;171;110;Kastl
171122;171;110;Kirchweidach
171123;171;110;Marktl, M
171124;171;110;Mehring
171125;171;110;Neuötting, St
171126;171;110;Perach
171127;171;110;Pleiskirchen
171129;171;110;Reischach
171130;171;110;Stammham
171131;171;110;Teising
171132;171;110;Töging a.Inn, St
171133;171;110;Tüßling, M
171134;171;110;Tyrlaching
171135;171;110;Unterneukirchen
171137;171;110;Winhöring
172111;172;112;Ainring
172112;172;112;Anger
172114;172;112;Bad Reichenhall, GKSt
172115;172;112;Bayerisch Gmain
172116;172;112;Berchtesgaden, M
172117;172;112;Bischofswiesen
172118;172;112;Freilassing, St
172122;172;112;Laufen, St
172124;172;112;Marktschellenberg, M
172128;172;112;Piding
172129;172;112;Ramsau b.Berchtesgaden
172130;172;112;Saaldorf-Surheim
172131;172;112;Schneizlreuth
172132;172;112;Schönau a.Königssee
172134;172;112;Teisendorf, M
173111;173;111;Bad Heilbrunn
173112;173;111;Bad Tölz, St
173113;173;111;Benediktbeuern
173115;173;111;Bichl
173118;173;111;Dietramszell
173120;173;111;Egling
173123;173;111;Eurasburg
173124;173;111;Gaißach
173126;173;111;Geretsried, St
173127;173;111;Greiling
173130;173;111;Icking
173131;173;111;Jachenau
173133;173;111;Kochel a.See
173134;173;111;Königsdorf
173135;173;111;Lenggries
173137;173;111;Münsing
173140;173;111;Reichersbeuern
173141;173;111;Sachsenkam
173142;173;111;Schlehdorf
173145;173;111;Wackersberg
173147;173;111;Wolfratshausen, St
174111;174;113;Altomünster, M
174113;174;113;Bergkirchen
174115;174;113;Dachau, GKSt
174118;174;113;Erdweg
174121;174;113;Haimhausen
174122;174;113;Hebertshausen
174126;174;113;Karlsfeld
174131;174;113;Markt Indersdorf, M
174135;174;113;Odelzhausen
174136;174;113;Petershausen
174137;174;113;Pfaffenhofen a.d.Glonn
174141;174;113;Röhrmoos
174143;174;113;Schwabhausen
174146;174;113;Sulzemoos
174147;174;113;Hilgertshausen-Tandern
174150;174;113;Vierkirchen
174151;174;113;Weichs
175111;175;114;Anzing
175112;175;114;Aßling
175113;175;114;Baiern
175114;175;114;Bruck
175115;175;114;Ebersberg, St
175116;175;114;Egmating
175118;175;114;Forstinning
175119;175;114;Frauenneuharting
175121;175;114;Glonn, M
175122;175;114;Grafing b.München, St
175123;175;114;Hohenlinden
175124;175;114;Kirchseeon, M
175127;175;114;Markt Schwaben, M
175128;175;114;Moosach
175131;175;114;Oberpframmern
175132;175;114;Vaterstetten
175133;175;114;Pliening
175135;175;114;Poing
175136;175;114;Emmering
175137;175;114;Steinhöring
175139;175;114;Zorneding
176111;176;115;Adelschlag
176112;176;115;Altmannstein, M
176114;176;115;Beilngries, St
176116;176;115;Böhmfeld
176118;176;115;Buxheim
176120;176;115;Denkendorf
176121;176;115;Dollnstein, M
176122;176;115;Egweil
176123;176;115;Eichstätt, GKSt
176124;176;115;Eitensheim
176126;176;115;Gaimersheim, M
176129;176;115;Großmehring
176131;176;115;Hepberg
176132;176;115;Hitzhofen
176137;176;115;Kinding, M
176138;176;115;Kipfenberg, M
176139;176;115;Kösching, M
176143;176;115;Lenting
176147;176;115;Mindelstetten
176148;176;115;Mörnsheim, M
176149;176;115;Nassenfels, M
176150;176;115;Oberdolling
176153;176;115;Pförring, M
176155;176;115;Pollenfeld
176160;176;115;Schernfeld
176161;176;115;Stammham
176164;176;115;Titting, M
176165;176;115;Walting
176166;176;115;Wellheim, M
176167;176;115;Wettstetten
177112;177;116;Berglern
177113;177;116;Bockhorn
177114;177;116;Buch a.Buchrain
177115;177;116;Dorfen, St
177116;177;116;Eitting
177117;177;116;Erding, St
177118;177;116;Finsing
177119;177;116;Forstern
177120;177;116;Fraunberg
177121;177;116;Hohenpolding
177122;177;116;Inning a.Holz
177123;177;116;Isen, M
177124;177;116;Kirchberg
177126;177;116;Langenpreising
177127;177;116;Lengdorf
177130;177;116;Moosinning
177131;177;116;Neuching
177133;177;116;Oberding
177134;177;116;Ottenhofen
177135;177;116;Pastetten
177137;177;116;Sankt Wolfgang
177138;177;116;Steinkirchen
177139;177;116;Taufkirchen (Vils)
177142;177;116;Walpertskirchen
177143;177;116;Wartenberg, M
177144;177;116;Wörth
178113;178;117;Allershausen
178115;178;117;Attenkirchen
178116;178;117;Au i.d.Hallertau, M
178120;178;117;Eching
178122;178;117;Rudelzhausen
178123;178;117;Fahrenzhausen
178124;178;117;Freising, GKSt
178125;178;117;Gammelsdorf
178129;178;117;Haag a.d.Amper
178130;178;117;Hallbergmoos
178132;178;117;Hörgertshausen
178133;178;117;Hohenkammer
178136;178;117;Kirchdorf a.d.Amper
178137;178;117;Kranzberg
178138;178;117;Langenbach
178140;178;117;Marzling
178142;178;117;Mauern
178143;178;117;Moosburg a.d.Isar, St
178144;178;117;Nandlstadt, M
178145;178;117;Neufahrn b.Freising
178150;178;117;Paunzhausen
178155;178;117;Wang
178156;178;117;Wolfersdorf
178157;178;117;Zolling
179111;179;118;Adelshofen
179113;179;118;Alling
179114;179;118;Althegnenberg
179117;179;118;Egenhofen
179118;179;118;Eichenau
179119;179;118;Emmering
179121;179;120;Fürstenfeldbruck, GKSt
179123;179;118;Germering, GKSt
179125;179;120;Grafrath
179126;179;118;Gröbenzell
179128;179;118;Hattenhofen
179130;179;118;Jesenwang
179131;179;120;Kottgeisering
179132;179;118;Landsberied
179134;179;118;Maisach
179136;179;118;Mammendorf
179137;179;118;Mittelstetten
179138;179;120;Moorenweis
179140;179;118;Oberschweinbach
179142;179;118;Olching, St
179145;179;118;Puchheim, St
179147;179;120;Schöngeising
179149;179;120;Türkenfeld
180112;180;131;Bad Kohlgrub
180113;180;131;Bad Bayersoien
180114;180;131;Eschenlohe
180115;180;131;Ettal
180116;180;111;Farchant
180117;180;111;Garmisch-Partenkirchen, M
180118;180;111;Grainau
180119;180;131;Großweil
180122;180;111;Krün
180123;180;111;Mittenwald, M
180124;180;131;Murnau a.Staffelsee, M
180125;180;131;Oberammergau
180126;180;131;Oberau
180127;180;131;Ohlstadt
180128;180;131;Riegsee
180129;180;131;Saulgrub
180131;180;131;Schwaigen
180132;180;131;Seehausen a.Staffelsee
180133;180;131;Spatzenhausen
180134;180;131;Uffing a.Staffelsee
180135;180;131;Unterammergau
180136;180;111;Wallgau
181111;181;120;Apfeldorf
181113;181;120;Denklingen
181114;181;120;Dießen am Ammersee, M
181115;181;120;Eching am Ammersee
181116;181;120;Egling a.d.Paar
181118;181;120;Eresing
181120;181;120;Finning
181121;181;120;Fuchstal
181122;181;120;Geltendorf
181123;181;120;Greifenberg
181124;181;120;Hofstetten
181126;181;120;Hurlach
181127;181;120;Igling
181128;181;120;Kaufering, M
181129;181;120;Kinsau
181130;181;120;Landsberg am Lech, GKSt
181131;181;120;Obermeitingen
181132;181;120;Penzing
181133;181;120;Vilgertshofen
181134;181;120;Prittriching
181135;181;120;Reichling
181137;181;120;Rott
181138;181;120;Scheuring
181139;181;120;Schondorf am Ammersee
181140;181;120;Schwifting
181141;181;120;Pürgen
181142;181;120;Thaining
181143;181;120;Unterdießen
181144;181;120;Utting am Ammersee
181145;181;120;Weil
181146;181;120;Windach
182111;182;121;Bad Wiessee
182112;182;121;Bayrischzell
182114;182;121;Fischbachau
182116;182;121;Gmund a.Tegernsee
182119;182;121;Hausham
182120;182;121;Holzkirchen, M
182123;182;121;Irschenberg
182124;182;121;Kreuth
182125;182;121;Miesbach, St
182127;182;121;Otterfing
182129;182;121;Rottach-Egern
182131;182;121;Schliersee, M
182132;182;121;Tegernsee, St
182133;182;121;Valley
182134;182;121;Waakirchen
182136;182;121;Warngau
182137;182;121;Weyarn
183112;183;122;Ampfing
183113;183;122;Aschau a.Inn
183114;183;122;Buchbach, M
183115;183;122;Egglkofen
183116;183;122;Erharting
183118;183;122;Gars a.Inn, M
183119;183;122;Haag i.OB, M
183120;183;122;Heldenstein
183122;183;122;Jettenbach
183123;183;122;Kirchdorf
183124;183;122;Kraiburg a.Inn, M
183125;183;122;Lohkirchen
183126;183;122;Maitenbeth
183127;183;122;Mettenheim
183128;183;122;Mühldorf a.Inn, St
183129;183;122;Neumarkt-Sankt Veit, St
183130;183;122;Niederbergkirchen
183131;183;122;Niedertaufkirchen
183132;183;122;Oberbergkirchen
183134;183;122;Oberneukirchen
183135;183;122;Obertaufkirchen
183136;183;122;Polling
183138;183;122;Rattenkirchen
183139;183;122;Rechtmehring
183140;183;122;Reichertsheim
183143;183;122;Schönberg
183144;183;122;Schwindegg
183145;183;122;Taufkirchen
183147;183;122;Unterreit
183148;183;122;Waldkraiburg, St
183151;183;122;Zangberg
184112;184;123;Aschheim
184113;184;124;Baierbrunn
184114;184;124;Brunnthal
184118;184;123;Feldkirchen
184119;184;123;Garching b.München, St
184120;184;124;Gräfelfing
184121;184;123;Grasbrunn
184122;184;124;Grünwald
184123;184;123;Haar
184127;184;124;Höhenkirchen-Siegertsbrunn
184129;184;123;Hohenbrunn
184130;184;123;Ismaning
184131;184;123;Kirchheim b.München
184132;184;124;Neuried
184134;184;124;Oberhaching
184135;184;123;Oberschleißheim
184136;184;123;Ottobrunn
184137;184;124;Aying
184138;184;124;Planegg
184139;184;124;Pullach i.Isartal
184140;184;123;Putzbrunn
184141;184;124;Sauerlach
184142;184;124;Schäftlarn
184144;184;124;Straßlach-Dingharting
184145;184;124;Taufkirchen
184146;184;124;Neubiberg
184147;184;123;Unterföhring
184148;184;124;Unterhaching
184149;184;123;Unterschleißheim, St
185113;185;125;Aresing
185116;185;125;Berg im Gau
185118;185;125;Bergheim
185123;185;125;Brunnen
185125;185;125;Burgheim, M
185127;185;125;Ehekirchen
185131;185;125;Gachenbach
185139;185;125;Karlshuld
185140;185;125;Karlskron
185143;185;125;Langenmosen
185149;185;125;Neuburg a.d.Donau, GKSt
185150;185;125;Oberhausen
185153;185;125;Rennertshofen, M
185157;185;125;Rohrenfels
185158;185;125;Schrobenhausen, St
185163;185;125;Königsmoos
185166;185;125;Waidhofen
185168;185;125;Weichering
186113;186;126;Baar-Ebenhausen
186116;186;126;Ernsgaden
186122;186;126;Geisenfeld, St
186125;186;125;Gerolsbach
186126;186;126;Hettenshausen
186128;186;125;Hohenwart, M
186130;186;126;Ilmmünster
186132;186;126;Jetzendorf
186137;186;126;Manching, M
186139;186;126;Münchsmünster
186143;186;126;Pfaffenhofen a.d.Ilm, St
186144;186;126;Pörnbach
186146;186;126;Reichertshausen
186147;186;126;Reichertshofen, M
186149;186;126;Rohrbach
186151;186;125;Scheyern
186152;186;126;Schweitenkirchen
186158;186;126;Vohburg a.d.Donau, St
186162;186;126;Wolnzach, M
187113;187;127;Amerang
187114;187;127;Aschau i.Chiemgau
187116;187;128;Babensham
187117;187;128;Bad Aibling, St
187118;187;127;Bernau a.Chiemsee
187120;187;128;Brannenburg
187121;187;127;Breitbrunn a.Chiemsee
187122;187;128;Bruckmühl, M
187123;187;127;Chiemsee
187124;187;128;Edling
187125;187;127;Eggstätt
187126;187;127;Eiselfing
187128;187;127;Bad Endorf, M
187129;187;121;Bad Feilnbach
187130;187;121;Feldkirchen-Westerham
187131;187;128;Flintsbach a.Inn
187132;187;127;Frasdorf
187134;187;127;Griesstätt
187137;187;128;Großkarolinenfeld
187138;187;127;Gstadt a.Chiemsee
187139;187;127;Halfing
187142;187;128;Schechen
187145;187;127;Höslwang
187148;187;128;Kiefersfelden
187150;187;128;Kolbermoor, St
187154;187;128;Neubeuern, M
187156;187;128;Nußdorf a.Inn
187157;187;128;Oberaudorf
187159;187;128;Pfaffing
187162;187;127;Prien a.Chiemsee, M
187163;187;127;Prutting
187164;187;128;Ramerberg
187165;187;128;Raubling
187167;187;127;Riedering
187168;187;127;Rimsting
187169;187;127;Rohrdorf
187170;187;128;Rott a.Inn
187172;187;127;Samerberg
187173;187;127;Schonstett
187174;187;127;Söchtenau
187176;187;128;Soyen
187177;187;127;Stephanskirchen
187179;187;128;Tuntenhausen
187181;187;127;Vogtareuth
187182;187;128;Wasserburg a.Inn, St
187186;187;128;Albaching
188113;188;129;Berg
188117;188;129;Andechs
188118;188;129;Feldafing
188120;188;129;Gauting
188121;188;129;Gilching
188124;188;129;Herrsching a.Ammersee
188126;188;129;Inning a.Ammersee
188127;188;129;Krailling
188132;188;129;Seefeld
188137;188;129;Pöcking
188139;188;129;Starnberg, St
188141;188;129;Tutzing
188144;188;129;Weßling
188145;188;129;Wörthsee
189111;189;130;Altenmarkt a.d.Alz
189113;189;130;Bergen
189114;189;130;Chieming
189115;189;130;Engelsberg
189118;189;112;Fridolfing
189119;189;130;Grabenstätt
189120;189;130;Grassau, M
189124;189;130;Inzell
189126;189;130;Kienberg
189127;189;112;Kirchanschöring
189129;189;130;Marquartstein
189130;189;130;Nußdorf
189133;189;130;Obing
189134;189;130;Palling
189135;189;112;Petting
189137;189;130;Pittenhart
189139;189;130;Reit im Winkl
189140;189;130;Ruhpolding
189141;189;130;Schleching
189142;189;130;Schnaitsee
189143;189;130;Seeon-Seebruck
189145;189;130;Siegsdorf
189146;189;130;Staudach-Egerndach
189148;189;130;Surberg
189149;189;130;Tacherting
189150;189;112;Taching a.See
189152;189;112;Tittmoning, St
189154;189;130;Traunreut, St
189155;189;130;Traunstein, GKSt
189157;189;130;Trostberg, St
189159;189;130;Übersee
189160;189;130;Unterwössen
189161;189;130;Vachendorf
189162;189;112;Waging a.See, M
189165;189;112;Wonneberg
190111;190;131;Altenstadt
190113;190;131;Antdorf
190114;190;131;Bernbeuren
190115;190;129;Bernried am Starnberger See
190117;190;131;Böbing
190118;190;131;Burggen
190120;190;131;Eberfing
190121;190;131;Eglfing
190126;190;131;Habach
190129;190;131;Hohenfurch
190130;190;131;Hohenpeißenberg
190131;190;131;Huglfing
190132;190;129;Iffeldorf
190133;190;131;Ingenried
190135;190;131;Oberhausen
190136;190;131;Obersöchering
190138;190;131;Pähl
190139;190;131;Peißenberg, M
190140;190;131;Peiting, M
190141;190;131;Penzberg, St
190142;190;131;Polling
190143;190;131;Prem
190144;190;131;Raisting
190145;190;131;Rottenbuch
190148;190;131;Schongau, St
190149;190;131;Schwabbruck
190151;190;131;Schwabsoien
190152;190;129;Seeshaupt
190153;190;131;Sindelsdorf
190154;190;131;Steingaden
190157;190;131;Weilheim i.OB, St
190158;190;131;Wessobrunn
190159;190;131;Wielenbach
190160;190;131;Wildsteig
261000;261;204;Landshut, krfr. St
262000;262;205;Passau, krfr. St
263000;263;209;Straubing, krfr. St
271111;271;201;Aholming
271113;271;201;Auerbach
271114;271;201;Außernzell
271116;271;201;Bernried
271118;271;201;Buchhofen
271119;271;201;Deggendorf, GKSt
271122;271;201;Grafling
271123;271;201;Grattersdorf
271125;271;201;Hengersberg, M
271126;271;201;Hunding
271127;271;201;Iggensbach
271128;271;201;Künzing
271130;271;201;Lalling
271132;271;201;Metten, M
271135;271;201;Moos
271138;271;201;Niederalteich
271139;271;201;Oberpöring
271140;271;201;Offenberg
271141;271;201;Osterhofen, St
271143;271;201;Otzing
271146;271;201;Plattling, St
271148;271;201;Schaufling
271149;271;201;Schöllnach, M
271151;271;201;Stephansposching
271152;271;201;Wallerfing
271153;271;201;Winzer, M
272116;272;207;Eppenschlag
272118;272;207;Freyung, St
272119;272;207;Fürsteneck
272120;272;207;Grafenau, St
272121;272;205;Grainet
272122;272;205;Haidmühle
272126;272;207;Hinterschmiding
272127;272;207;Hohenau
272128;272;207;Innernzell
272129;272;205;Jandelsbrunn
272134;272;207;Mauth
272136;272;205;Neureichenau
272138;272;207;Perlesreut, M
272139;272;207;Philippsreut
272140;272;207;Ringelai
272141;272;205;Röhrnbach, M
272142;272;207;Saldenburg
272143;272;207;Sankt Oswald-Riedlhütte
272145;272;207;Schöfweg
272146;272;207;Neuschönau
272147;272;207;Schönberg, M
272149;272;207;Spiegelau
272150;272;207;Thurmansbang
272151;272;205;Waldkirchen, St
272152;272;207;Zenting
273111;273;203;Abensberg, St
273113;273;203;Aiglsbach
273115;273;203;Attenhofen
273116;273;203;Bad Abbach, M
273119;273;203;Biburg
273121;273;203;Essing, M
273125;273;203;Hausen
273127;273;203;Herrngiersdorf
273133;273;203;Ihrlerstein
273137;273;203;Kelheim, St
273139;273;203;Kirchdorf
273141;273;203;Langquaid, M
273147;273;203;Mainburg, St
273152;273;203;Neustadt a.d.Donau, St
273159;273;203;Painten, M
273163;273;203;Elsendorf
273164;273;203;Riedenburg, St
273165;273;203;Rohr i.NB, M
273166;273;203;Saal a.d.Donau
273172;273;203;Siegenburg, M
273175;273;203;Teugn
273177;273;203;Train
273178;273;203;Volkenschwand
273181;273;203;Wildenberg
274111;274;204;Adlkofen
274112;274;202;Aham
274113;274;204;Altdorf, M
274114;274;202;Altfraunhofen
274118;274;202;Baierbach
274119;274;204;Bayerbach b.Ergoldsbach
274120;274;202;Bodenkirchen
274121;274;204;Buch a.Erlbach
274124;274;204;Eching
274126;274;204;Ergolding, M
274127;274;204;Ergoldsbach, M
274128;274;204;Essenbach, M
274132;274;204;Furth
274134;274;202;Geisenhausen, M
274135;274;202;Gerzen
274141;274;204;Hohenthann
274145;274;202;Kröning
274146;274;204;Kumhausen
274153;274;204;Neufahrn i.NB
274154;274;202;Neufraunhofen
274156;274;202;Niederaichbach
274165;274;204;Obersüßbach
274172;274;204;Pfeffenhausen, M
274174;274;202;Postau
274176;274;204;Rottenburg a.d.Laaber, St
274179;274;202;Schalkham
274182;274;204;Tiefenbach
274183;274;202;Velden, M
274184;274;202;Vilsbiburg, St
274185;274;202;Vilsheim
274187;274;204;Weihmichl
274188;274;202;Weng
274191;274;202;Wörth a.d.Isar
274193;274;202;Wurmsham
274194;274;204;Bruckberg
275111;275;206;Aicha vorm Wald
275112;275;206;Aidenbach, M
275114;275;206;Aldersbach
275116;275;206;Bad Füssing
275117;275;206;Beutelsbach
275118;275;205;Breitenberg
275119;275;205;Büchlberg
275120;275;206;Eging a.See, M
275121;275;205;Fürstenstein
275122;275;206;Fürstenzell, M
275124;275;206;Bad Griesbach i.Rottal, St
275125;275;206;Haarbach
275126;275;205;Hauzenberg, St
275127;275;206;Hofkirchen, M
275128;275;205;Hutthurm, M
275130;275;206;Kirchham
275131;275;206;Kößlarn, M
275132;275;206;Malching
275133;275;206;Neuburg a.Inn
275134;275;206;Neuhaus a.Inn
275135;275;205;Neukirchen vorm Wald
275137;275;205;Obernzell, M
275138;275;206;Ortenburg, M
275141;275;206;Pocking, St
275143;275;206;Rotthalmünster, M
275144;275;205;Ruderting
275145;275;206;Ruhstorf a.d.Rott, M
275146;275;205;Salzweg
275148;275;205;Sonnen
275149;275;206;Tettenweis
275150;275;205;Thyrnau
275151;275;205;Tiefenbach
275152;275;205;Tittling, M
275153;275;205;Untergriesbach, M
275154;275;206;Vilshofen an der Donau, St
275156;275;205;Wegscheid, M
275159;275;206;Windorf, M
275160;275;205;Witzmannsberg
276111;276;207;Achslach
276113;276;207;Arnbruck
276115;276;207;Bayerisch Eisenstein
276116;276;207;Bischofsmais
276117;276;207;Bodenmais, M
276118;276;207;Böbrach
276120;276;207;Drachselsried
276121;276;207;Frauenau
276122;276;207;Geiersthal
276123;276;207;Gotteszell
276126;276;207;Kirchberg i.Wald
276127;276;207;Kirchdorf i.Wald
276128;276;207;Kollnburg
276129;276;207;Langdorf
276130;276;207;Lindberg
276134;276;207;Patersdorf
276135;276;207;Prackenbach
276138;276;207;Regen, St
276139;276;207;Rinchnach
276142;276;207;Ruhmannsfelden, M
276143;276;207;Teisnach, M
276144;276;207;Viechtach, St
276146;276;207;Zachenberg
276148;276;207;Zwiesel, St
277111;277;208;Arnstorf, M
277112;277;208;Bayerbach
277113;277;208;Bad Birnbach, M
277114;277;208;Dietersburg
277116;277;208;Eggenfelden, St
277117;277;208;Egglham
277118;277;208;Ering
277119;277;208;Falkenberg
277121;277;208;Gangkofen, M
277122;277;208;Geratskirchen
277124;277;208;Hebertsfelden
277126;277;208;Johanniskirchen
277127;277;208;Julbach
277128;277;208;Kirchdorf a.Inn
277131;277;208;Malgersdorf
277133;277;208;Massing, M
277134;277;208;Mitterskirchen
277138;277;208;Pfarrkirchen, St
277139;277;208;Postmünster
277140;277;208;Reut
277141;277;208;Rimbach
277142;277;208;Roßbach
277144;277;208;Schönau
277145;277;208;Simbach a.Inn, St
277147;277;208;Stubenberg
277148;277;208;Tann, M
277149;277;208;Triftern, M
277151;277;208;Unterdietfurt
277152;277;208;Wittibreut
277153;277;208;Wurmannsquick, M
277154;277;208;Zeilarn
278112;278;209;Aholfing
278113;278;209;Aiterhofen
278116;278;209;Ascha
278117;278;209;Atting
278118;278;209;Bogen, St
278120;278;209;Falkenfels
278121;278;209;Feldkirchen
278123;278;209;Geiselhöring, St
278129;278;209;Haibach
278134;278;209;Haselbach
278139;278;209;Hunderdorf
278140;278;209;Irlbach
278141;278;209;Kirchroth
278143;278;209;Konzell
278144;278;209;Laberweinting
278146;278;209;Leiblfing
278147;278;209;Loitzendorf
278148;278;209;Mallersdorf-Pfaffenberg, M
278149;278;209;Mariaposching
278151;278;209;Mitterfels, M
278154;278;209;Neukirchen
278159;278;209;Niederwinkling
278167;278;209;Oberschneiding
278170;278;209;Parkstetten
278171;278;209;Perasdorf
278172;278;209;Perkam
278177;278;209;Rain
278178;278;209;Rattenberg
278179;278;209;Rattiszell
278182;278;209;Salching
278184;278;209;Sankt Englmar
278187;278;209;Schwarzach, M
278189;278;209;Stallwang
278190;278;209;Steinach
278192;278;209;Straßkirchen
278197;278;209;Wiesenfelden
278198;278;209;Windberg
279112;279;202;Dingolfing, St
279113;279;202;Eichendorf, M
279115;279;202;Frontenhausen, M
279116;279;202;Gottfrieding
279122;279;202;Landau a.d.Isar, St
279124;279;202;Loiching
279125;279;202;Mamming
279126;279;202;Marklkofen
279127;279;202;Mengkofen
279128;279;202;Moosthenning
279130;279;202;Niederviehbach
279132;279;202;Pilsting, M
279134;279;202;Reisbach, M
279135;279;202;Simbach, M
279137;279;202;Wallersdorf, M
361000;361;301;Amberg, krfr. St
362000;362;305;Regensburg, krfr. St
363000;363;308;Weiden i.d.OPf., krfr. St
371111;371;301;Ammerthal
371113;371;301;Auerbach i.d.OPf., St
371116;371;301;Birgland
371118;371;301;Ebermannsdorf
371119;371;301;Edelsfeld
371120;371;301;Ensdorf
371121;371;301;Freihung, M
371122;371;301;Freudenberg
371123;371;301;Gebenbach
371126;371;301;Hahnbach, M
371127;371;301;Hirschau, St
371128;371;301;Hirschbach
371129;371;301;Hohenburg, M
371131;371;301;Illschwang
371132;371;301;Kastl, M
371135;371;301;Königstein, M
371136;371;301;Kümmersbruck
371140;371;301;Etzelwang
371141;371;301;Neukirchen b.Sulzbach-Rosenberg
371144;371;301;Poppenricht
371146;371;301;Rieden, M
371148;371;301;Schmidmühlen, M
371150;371;301;Schnaittenbach, St
371151;371;301;Sulzbach-Rosenberg, St
371154;371;301;Ursensollen
371156;371;301;Vilseck, St
371157;371;301;Weigendorf
372112;372;302;Arnschwang
372113;372;302;Arrach
372115;372;302;Blaibach
372116;372;302;Cham, St
372117;372;302;Chamerau
372124;372;302;Eschlkam, M
372125;372;302;Falkenstein, M
372126;372;302;Furth im Wald, St
372128;372;302;Gleißenberg
372130;372;302;Grafenwiesen
372135;372;302;Hohenwarth
372137;372;302;Bad Kötzting, St
372138;372;302;Lam, M
372142;372;302;Michelsneukirchen
372143;372;302;Miltach
372144;372;302;Neukirchen b.Hl.Blut, M
372146;372;302;Pemfling
372147;372;302;Pösing
372149;372;302;Reichenbach
372150;372;302;Rettenbach
372151;372;302;Rimbach
372153;372;302;Roding, St
372154;372;302;Rötz, St
372155;372;302;Runding
372157;372;302;Schönthal
372158;372;302;Schorndorf
372161;372;302;Stamsried, M
372163;372;302;Tiefenbach
372164;372;302;Traitsching
372165;372;302;Treffelstein
372167;372;302;Zell
372168;372;302;Waffenbrunn
372169;372;302;Wald
372170;372;302;Walderbach
372171;372;302;Waldmünchen, St
372174;372;302;Weiding
372175;372;302;Willmering
372177;372;302;Zandt
372178;372;302;Lohberg
373112;373;303;Berching, St
373113;373;303;Berg b.Neumarkt i.d.OPf.
373114;373;303;Berngau
373115;373;303;Breitenbrunn, M
373119;373;303;Deining
373121;373;303;Dietfurt a.d.Altmühl, St
373126;373;303;Freystadt, St
373134;373;303;Hohenfels, M
373140;373;303;Lauterhofen, M
373143;373;303;Lupburg, M
373146;373;303;Mühlhausen
373147;373;303;Neumarkt i.d.OPf., GKSt
373151;373;303;Parsberg, St
373153;373;303;Pilsach
373155;373;303;Postbauer-Heng, M
373156;373;303;Pyrbaum, M
373159;373;303;Sengenthal
373160;373;303;Seubersdorf i.d.OPf.
373167;373;303;Velburg, St
374111;374;308;Altenstadt a.d.Waldnaab
374117;374;307;Eschenbach i.d.OPf., St
374118;374;308;Eslarn, M
374119;374;308;Etzenricht
374121;374;308;Floß, M
374122;374;308;Flossenbürg
374123;374;308;Georgenberg
374124;374;307;Grafenwöhr, St
374127;374;308;Irchenrieth
374128;374;308;Kirchendemenreuth
374129;374;307;Kirchenthumbach, M
374131;374;308;Kohlberg, M
374132;374;308;Leuchtenberg, M
374133;374;308;Luhe-Wildenau, M
374134;374;308;Mantel, M
374137;374;308;Moosbach, M
374139;374;308;Neustadt a.d.Waldnaab, St
374140;374;307;Neustadt am Kulm, St
374144;374;308;Parkstein, M
374146;374;308;Pirk
374147;374;308;Pleystein, St
374148;374;307;Trabitz
374149;374;307;Pressath, St
374150;374;308;Püchersreuth
374154;374;308;Schirmitz
374155;374;307;Schlammersdorf
374156;374;307;Schwarzenbach
374157;374;307;Speinshart
374158;374;308;Störnstein
374159;374;308;Tännesberg, M
374160;374;308;Theisseil
374162;374;308;Vohenstrauß, St
374163;374;307;Vorbach
374164;374;308;Waidhaus, M
374165;374;308;Waldthurn, M
374166;374;308;Weiherhammer
374168;374;307;Windischeschenbach, St
374170;374;308;Bechtsrieth
375113;375;304;Alteglofsheim
375114;375;304;Altenthann
375115;375;304;Aufhausen
375116;375;304;Bach a.d.Donau
375117;375;304;Barbing
375118;375;304;Beratzhausen, M
375119;375;304;Bernhardswald
375120;375;304;Brennberg
375122;375;304;Brunn
375127;375;304;Deuerling
375130;375;304;Donaustauf, M
375131;375;304;Duggendorf
375143;375;304;Hagelstadt
375148;375;304;Hemau, St
375153;375;304;Holzheim a.Forst
375156;375;304;Kallmünz, M
375161;375;304;Köfering
375162;375;304;Laaber, M
375165;375;305;Lappersdorf, M
375170;375;304;Mintraching
375171;375;304;Mötzing
375174;375;304;Neutraubling, St
375175;375;304;Nittendorf, M
375179;375;304;Obertraubling
375180;375;305;Pentling
375181;375;304;Pettendorf
375182;375;304;Pfakofen
375183;375;304;Pfatter
375184;375;304;Pielenhofen
375190;375;304;Regenstauf, M
375191;375;304;Riekofen
375196;375;304;Schierling, M
375199;375;304;Sinzing
375201;375;304;Sünching
375204;375;304;Tegernheim
375205;375;304;Thalmassing
375208;375;305;Wenzenbach
375209;375;304;Wiesent
375210;375;304;Wörth a.d.Donau, St
375211;375;304;Wolfsegg
375213;375;304;Zeitlarn
376112;376;306;Altendorf
376116;376;306;Bodenwöhr
376117;376;306;Bruck i.d.OPf., M
376119;376;306;Burglengenfeld, St
376122;376;306;Dieterskirchen
376125;376;306;Fensterbach
376131;376;306;Gleiritsch
376133;376;306;Guteneck
376141;376;306;Maxhütte-Haidhof, St
376144;376;306;Nabburg, St
376146;376;306;Neukirchen-Balbini, M
376147;376;306;Neunburg vorm Wald, St
376148;376;306;Niedermurach
376149;376;306;Nittenau, St
376150;376;306;Wernberg-Köblitz, M
376151;376;306;Oberviechtach, St
376153;376;306;Pfreimd, St
376159;376;306;Schmidgaden
376160;376;306;Schönsee, St
376161;376;306;Schwandorf, GKSt
376162;376;306;Schwarzach b.Nabburg
376163;376;306;Schwarzenfeld, M
376164;376;306;Schwarzhofen, M
376167;376;306;Stadlern
376168;376;306;Steinberg am See
376169;376;306;Stulln
376170;376;306;Teublitz, St
376171;376;306;Teunz
376172;376;306;Thanstein
376173;376;306;Trausnitz
376175;376;306;Wackersdorf
376176;376;306;Weiding
376178;376;306;Winklarn, M
377112;377;307;Bärnau, St
377113;377;307;Brand
377115;377;307;Ebnath
377116;377;307;Erbendorf, St
377117;377;307;Falkenberg, M
377118;377;307;Friedenfels
377119;377;307;Fuchsmühl, M
377127;377;307;Immenreuth
377128;377;307;Kastl
377129;377;307;Kemnath, St
377131;377;307;Konnersreuth, M
377132;377;307;Krummennaab
377133;377;307;Kulmain
377137;377;307;Leonberg
377139;377;307;Mähring, M
377141;377;307;Mitterteich, St
377142;377;307;Neualbenreuth, M
377143;377;307;Neusorg
377145;377;307;Pechbrunn
377146;377;307;Plößberg, M
377148;377;307;Pullenreuth
377149;377;307;Reuth b.Erbendorf
377154;377;307;Tirschenreuth, St
377157;377;307;Waldershof, St
377158;377;307;Waldsassen, St
377159;377;307;Wiesau, M
461000;461;402;Bamberg, krfr. St
462000;462;403;Bayreuth, krfr. St
463000;463;404;Coburg, krfr. St
464000;464;406;Hof, krfr. St
471111;471;401;Altendorf
471115;471;401;Baunach, St
471117;471;402;Bischberg
471119;471;401;Breitengüßbach
471120;471;401;Burgebrach, M
471122;471;401;Burgwindheim, M
471123;471;401;Buttenheim, M
471128;471;401;Ebrach, M
471131;471;401;Frensdorf
471133;471;401;Gerach
471137;471;402;Gundelsheim
471140;471;402;Hallstadt, St
471142;471;401;Heiligenstadt i.OFr., M
471145;471;401;Hirschaid, M
471150;471;401;Kemmern
471151;471;401;Königsfeld
471152;471;401;Lauter
471154;471;402;Lisberg
471155;471;401;Litzendorf
471159;471;401;Memmelsdorf
471165;471;402;Oberhaid
471169;471;401;Pettstadt
471172;471;401;Pommersfelden
471173;471;402;Priesendorf
471174;471;401;Rattelsdorf, M
471175;471;401;Reckendorf
471185;471;401;Scheßlitz, St
471186;471;401;Schönbrunn i.Steigerwald
471189;471;401;Stadelhofen
471191;471;402;Stegaurach
471195;471;401;Strullendorf
471207;471;402;Viereth-Trunstadt
471208;471;402;Walsdorf
471209;471;401;Wattendorf
471214;471;401;Zapfendorf, M
471220;471;401;Schlüsselfeld, St
472111;472;403;Ahorntal
472115;472;403;Aufseß
472116;472;408;Bad Berneck i.Fichtelgebirge, St
472118;472;403;Betzenstein, St
472119;472;403;Bindlach
472121;472;408;Bischofsgrün
472127;472;403;Creußen, St
472131;472;403;Eckersdorf
472133;472;403;Emtmannsberg
472138;472;408;Fichtelberg
472139;472;408;Gefrees, St
472140;472;403;Gesees
472141;472;403;Glashütten
472143;472;403;Goldkronach, St
472146;472;403;Haag
472150;472;403;Heinersreuth
472154;472;403;Hollfeld, St
472155;472;403;Hummeltal
472156;472;403;Kirchenpingarten
472164;472;408;Mehlmeisel
472166;472;403;Mistelbach
472167;472;403;Mistelgau
472175;472;403;Pegnitz, St
472176;472;403;Plankenfels
472177;472;403;Plech, M
472179;472;403;Pottenstein, St
472180;472;403;Prebitz
472184;472;403;Schnabelwaid, M
472188;472;403;Seybothenreuth
472190;472;403;Speichersdorf
472197;472;403;Waischenfeld, St
472198;472;403;Warmensteinach
472199;472;403;Weidenberg, M
473112;473;404;Ahorn
473120;473;404;Dörfles-Esbach
473121;473;404;Ebersdorf b.Coburg
473132;473;404;Großheirath
473134;473;404;Grub a.Forst
473138;473;404;Itzgrund
473141;473;404;Lautertal
473144;473;404;Meeder
473151;473;404;Neustadt b.Coburg, GKSt
473153;473;404;Niederfüllbach
473158;473;404;Bad Rodach, St
473159;473;404;Rödental, St
473165;473;404;Seßlach, St
473166;473;404;Sonnefeld
473170;473;404;Untersiemau
473174;473;404;Weidhausen b.Coburg
473175;473;404;Weitramsdorf
474119;474;405;Dormitz
474121;474;405;Ebermannstadt, St
474122;474;405;Effeltrich
474123;474;405;Eggolsheim, M
474124;474;405;Egloffstein, M
474126;474;405;Forchheim, GKSt
474129;474;405;Gößweinstein, M
474132;474;405;Gräfenberg, St
474133;474;405;Hallerndorf
474134;474;405;Hausen
474135;474;405;Heroldsbach
474137;474;405;Hetzles
474138;474;405;Hiltpoltstein, M
474140;474;405;Igensdorf, M
474143;474;405;Kirchehrenbach
474144;474;405;Kleinsendelbach
474145;474;405;Kunreuth
474146;474;405;Langensendelbach
474147;474;405;Leutenbach
474154;474;405;Neunkirchen a.Brand, M
474156;474;405;Obertrubach
474158;474;405;Pinzberg
474160;474;405;Poxdorf
474161;474;405;Pretzfeld, M
474168;474;405;Unterleinleiter
474171;474;405;Weilersbach
474173;474;405;Weißenohe
474175;474;405;Wiesenthau
474176;474;405;Wiesenttal, M
475112;475;406;Bad Steben, M
475113;475;406;Berg
475120;475;406;Döhlau
475123;475;406;Feilitzsch
475127;475;406;Gattendorf
475128;475;406;Geroldsgrün
475136;475;406;Helmbrechts, St
475137;475;406;Issigau
475141;475;406;Köditz
475142;475;406;Konradsreuth
475145;475;406;Leupoldsgrün
475146;475;406;Lichtenberg, St
475154;475;406;Münchberg, St
475156;475;406;Naila, St
475158;475;406;Oberkotzau, M
475161;475;406;Regnitzlosau
475162;475;406;Rehau, St
475165;475;406;Schauenstein, St
475168;475;406;Schwarzenbach a.d.Saale, St
475169;475;406;Schwarzenbach a.Wald, St
475171;475;406;Selbitz, St
475174;475;406;Sparneck, M
475175;475;406;Stammbach, M
475181;475;406;Töpen
475182;475;406;Trogen
475184;475;406;Weißdorf
475189;475;406;Zell im Fichtelgebirge, M
476145;476;407;Kronach, St
476146;476;407;Küps, M
476152;476;407;Ludwigsstadt, St
476154;476;407;Mitwitz, M
476159;476;407;Nordhalben, M
476164;476;407;Pressig, M
476166;476;407;Reichenbach
476171;476;407;Schneckenlohe
476175;476;407;Steinbach a.Wald
476177;476;407;Steinwiesen, M
476178;476;407;Stockheim
476179;476;407;Tettau, M
476180;476;407;Teuschnitz, St
476182;476;407;Tschirn
476183;476;407;Marktrodach, M
476184;476;407;Wallenfels, St
476185;476;407;Weißenbrunn
476189;476;407;Wilhelmsthal
477117;477;408;Grafengehaig, M
477118;477;408;Guttenberg
477119;477;408;Harsdorf
477121;477;408;Himmelkron
477124;477;408;Kasendorf, M
477127;477;408;Ködnitz
477128;477;408;Kulmbach, GKSt
477129;477;408;Kupferberg, St
477135;477;408;Ludwigschorgast, M
477136;477;408;Mainleus, M
477138;477;408;Marktleugast, M
477139;477;408;Marktschorgast, M
477142;477;408;Neudrossenfeld
477143;477;408;Neuenmarkt
477148;477;408;Presseck, M
477151;477;408;Rugendorf
477156;477;408;Stadtsteinach, St
477157;477;408;Thurnau, M
477158;477;408;Trebgast
477159;477;408;Untersteinach
477163;477;408;Wirsberg, M
477164;477;408;Wonsees, M
478111;478;407;Altenkunstadt
478116;478;407;Burgkunstadt, St
478120;478;407;Ebensfeld, M
478127;478;407;Hochstadt a.Main
478139;478;407;Lichtenfels, St
478143;478;407;Marktgraitz, M
478144;478;407;Marktzeuln, M
478145;478;407;Michelau i.OFr.
478155;478;407;Redwitz a.d.Rodach
478165;478;407;Bad Staffelstein, St
478176;478;407;Weismain, St
479111;479;408;Bad Alexandersbad
479112;479;408;Arzberg, St
479126;479;408;Höchstädt i.Fichtelgebirge
479127;479;408;Hohenberg a.d.Eger, St
479129;479;408;Kirchenlamitz, St
479135;479;408;Marktleuthen, St
479136;479;408;Marktredwitz, GKSt
479138;479;408;Nagel
479145;479;408;Röslau
479147;479;408;Schirnding, M
479150;479;408;Schönwald, St
479152;479;408;Selb, GKSt
479158;479;408;Thiersheim, M
479159;479;408;Thierstein, M
479161;479;408;Tröstau
479166;479;408;Weißenstadt, St
479169;479;408;Wunsiedel, St
561000;561;505;Ansbach, krfr. St
562000;562;508;Erlangen, krfr. St
563000;563;509;Fürth, krfr. St
564001;564;501;Altstadt (St. Lorenz)
564002;564;502;Marienvorstadt
564003;564;501;Tafelhof
564004;564;501;Gostenhof
564005;564;501;Himpfelshof
564006;564;501;Altstadt (St. Sebald)
564007;564;501;St. Johannis
564008;564;501;Pirckheimerstraße
564009;564;502;Wöhrd
564010;564;502;Ludwigsfeld
564011;564;502;Glockenhof
564012;564;502;Guntherstraße
564013;564;504;Galgenhof
564014;564;504;Hummelstein
564015;564;504;Gugelstraße
564016;564;504;Steinbühl
564017;564;504;Gibitzenhof
564019;564;504;Schweinau
564020;564;504;St. Leonhard
564021;564;504;Sündersbühl
564022;564;501;Bärenschanze
564023;564;501;Sandberg
564024;564;501;Bielingplatz
564025;564;501;Uhlandstraße
564026;564;501;Maxfeld
564027;564;502;Veilhof
564028;564;502;Tullnau
564029;564;502;Gleißhammer
564030;564;502;Dutzendteich
564031;564;503;Rangierbahnhof-Siedlung
564032;564;503;Langwasser Nordwest
564033;564;503;Langwasser Nordost
564035;564;503;Altenfurt Nord
564036;564;503;Langwasser Südost
564037;564;503;Langwasser Südwest
564038;564;503;Altenfurt, Moorenbrunn
564040;564;503;Hasenbuck
564043;564;503;Dianastraße
564044;564;503;Trierer Straße
564045;564;503;Gartenstadt
564046;564;503;Werderau
564047;564;503;Maiach
564048;564;503;Katzwang,Reichelsdorf:Ost u.Keller
564049;564;503;Kornburg, Worzeldorf, Weiherhaus
564050;564;504;Hohe Marter
564051;564;504;Röthenbach West
564052;564;504;Röthenbach Ost
564053;564;504;Eibach
564054;564;504;Reichelsdorf
564055;564;504;Krottenbach, Mühlhof, Holzheim
564060;564;504;Großreuth bei Schweinau
564061;564;504;Gebersdorf
564062;564;504;Gaismannshof
564063;564;504;Höfen
564064;564;504;Eberhardshof
564065;564;504;Muggenhof
564070;564;501;Westfriedhof
564071;564;501;Schniegling
564072;564;501;Wetzendorf
564073;564;501;Buch
564074;564;501;Thon
564075;564;501;Almoshof
564076;564;501;Kraftshof
564077;564;501;Neunhof
564078;564;501;Boxdorf
564079;564;501;Großgründlach
564080;564;501;Schleifweg
564081;564;501;Schoppershof
564082;564;501;Schafhof
564083;564;501;Marienberg
564084;564;501;Ziegelstein
564085;564;501;Mooshof
564086;564;501;Buchenbühl
564090;564;502;St. Jobst
564091;564;502;Erlenstegen
564092;564;502;Mögeldorf
564093;564;502;Schmausenbuckstraße
564094;564;502;Laufamholz
564095;564;502;Zerzabelshof
564096;564;502;Fischbach
564097;564;502;Brunn
565000;565;503;Schwabach, krfr. St
571111;571;505;Adelshofen
571113;571;506;Arberg, M
571114;571;505;Aurach
571115;571;506;Bechhofen, M
571122;571;505;Bruckberg
571125;571;505;Buch a.Wald
571127;571;506;Burgoberbach
571128;571;506;Burk
571130;571;505;Colmberg, M
571132;571;506;Dentlein a.Forst, M
571134;571;505;Diebach
571135;571;505;Dietenhofen, M
571136;571;506;Dinkelsbühl, GKSt
571137;571;505;Dombühl, M
571139;571;506;Dürrwangen, M
571141;571;506;Ehingen
571145;571;505;Feuchtwangen, St
571146;571;505;Flachslanden, M
571152;571;505;Gebsattel
571154;571;506;Gerolfingen
571155;571;505;Geslau
571165;571;505;Heilsbronn, St
571166;571;506;Herrieden, St
571169;571;505;Insingen
571170;571;506;Langfurth
571171;571;505;Lehrberg, M
571174;571;505;Leutershausen, St
571175;571;505;Lichtenau, M
571177;571;506;Merkendorf, St
571178;571;506;Mitteleschenbach
571179;571;506;Mönchsroth
571180;571;505;Neuendettelsau
571181;571;505;Neusitz
571183;571;505;Oberdachstetten
571188;571;505;Ohrenbach
571189;571;506;Ornbau, St
571190;571;505;Petersaurach
571192;571;506;Röckingen
571193;571;505;Rothenburg ob der Tauber, GKSt
571194;571;505;Rügland
571196;571;505;Sachsen b.Ansbach
571198;571;505;Schillingsfürst, St
571199;571;505;Schnelldorf
571200;571;505;Schopfloch, M
571205;571;505;Steinsfeld
571208;571;506;Unterschwaningen
571214;571;506;Wassertrüdingen, St
571216;571;506;Weidenbach, M
571217;571;505;Weihenzell
571218;571;506;Weiltingen, M
571222;571;505;Wettringen
571223;571;506;Wieseth
571224;571;506;Wilburgstetten
571225;571;505;Windelsbach
571226;571;505;Windsbach, St
571227;571;506;Wittelshofen
571228;571;505;Wörnitz
571229;571;506;Wolframs-Eschenbach, St
572111;572;507;Adelsdorf
572114;572;507;Aurachtal
572115;572;507;Baiersdorf, St
572119;572;507;Bubenreuth
572120;572;507;Buckenhof
572121;572;507;Eckental, M
572126;572;507;Gremsdorf
572127;572;507;Großenseebach
572130;572;507;Hemhofen
572131;572;508;Heroldsberg, M
572132;572;507;Herzogenaurach, St
572133;572;507;Heßdorf
572135;572;507;Höchstadt a.d.Aisch, St
572137;572;507;Kalchreuth
572139;572;507;Lonnerstadt, M
572141;572;507;Marloffstein
572142;572;508;Möhrendorf
572143;572;507;Mühlhausen, M
572147;572;507;Oberreichenbach
572149;572;507;Röttenbach
572154;572;507;Spardorf
572158;572;507;Uttenreuth
572159;572;507;Vestenbergsgreuth, M
572160;572;507;Wachenroth, M
572164;572;507;Weisendorf, M
573111;573;510;Ammerndorf, M
573114;573;510;Cadolzburg, M
573115;573;510;Großhabersdorf
573120;573;510;Langenzenn, St
573122;573;509;Oberasbach, St
573123;573;510;Obermichelbach
573124;573;510;Puschendorf
573125;573;510;Roßtal, M
573126;573;510;Seukendorf
573127;573;509;Stein, St
573129;573;510;Tuchenbach
573130;573;510;Veitsbronn
573133;573;510;Wilhermsdorf, M
573134;573;509;Zirndorf, St
574111;574;511;Alfeld
574112;574;511;Altdorf b.Nürnberg, St
574117;574;511;Burgthann
574120;574;511;Engelthal
574123;574;502;Feucht, M
574128;574;511;Happurg
574129;574;511;Hartenstein
574131;574;511;Henfenfeld
574132;574;511;Hersbruck, St
574135;574;511;Kirchensittenbach
574138;574;511;Lauf a.d.Pegnitz, St
574139;574;511;Leinburg
574140;574;511;Neuhaus a.d.Pegnitz, M
574141;574;511;Neunkirchen a.Sand
574145;574;511;Offenhausen
574146;574;511;Ottensoos
574147;574;511;Pommelsbrunn
574150;574;511;Reichenschwand
574152;574;511;Röthenbach a.d.Pegnitz, St
574154;574;502;Rückersdorf
574155;574;511;Schnaittach, M
574156;574;502;Schwaig b.Nürnberg
574157;574;511;Schwarzenbruck
574158;574;511;Simmelsdorf
574160;574;511;Velden, St
574161;574;511;Vorra
574164;574;511;Winkelhaid
575112;575;510;Bad Windsheim, St
575113;575;510;Baudenbach, M
575115;575;510;Burgbernheim, St
575116;575;510;Burghaslach, M
575117;575;510;Dachsbach, M
575118;575;510;Diespeck
575119;575;510;Dietersheim
575121;575;510;Emskirchen, M
575122;575;510;Ergersheim
575124;575;510;Gallmersgarten
575125;575;510;Gerhardshofen
575127;575;510;Gollhofen
575128;575;510;Gutenstetten
575129;575;510;Hagenbüchach
575130;575;510;Hemmersheim
575133;575;510;Illesheim
575134;575;510;Ippesheim, M
575135;575;510;Ipsheim, M
575138;575;510;Langenfeld
575143;575;510;Marktbergel, M
575144;575;510;Markt Bibart, M
575145;575;510;Markt Erlbach, M
575146;575;510;Markt Nordheim, M
575147;575;510;Markt Taschendorf, M
575150;575;510;Münchsteinach
575152;575;510;Neuhof a.d.Zenn, M
575153;575;510;Neustadt a.d.Aisch, St
575155;575;510;Oberickelsheim
575156;575;510;Obernzenn, M
575157;575;510;Oberscheinfeld, M
575161;575;510;Scheinfeld, St
575163;575;510;Simmershofen
575165;575;510;Sugenheim, M
575166;575;510;Trautskirchen
575167;575;510;Uehlfeld, M
575168;575;510;Uffenheim, St
575179;575;510;Weigenheim
575181;575;510;Wilhelmsdorf
576111;576;512;Abenberg, St
576113;576;512;Allersberg, M
576117;576;512;Büchenbach
576121;576;512;Georgensgmünd
576122;576;512;Greding, St
576126;576;512;Heideck, St
576127;576;512;Hilpoltstein, St
576128;576;512;Kammerstein
576132;576;512;Schwanstetten, M
576137;576;512;Rednitzhembach
576141;576;512;Röttenbach
576142;576;512;Rohr
576143;576;512;Roth, St
576147;576;512;Spalt, St
576148;576;512;Thalmässing, M
576151;576;512;Wendelstein, M
577111;577;506;Absberg, M
577113;577;506;Alesheim
577114;577;506;Muhr a.See
577115;577;506;Bergen
577120;577;506;Burgsalach
577122;577;506;Dittenheim
577125;577;506;Ellingen, St
577127;577;506;Ettenstatt
577133;577;506;Gnotzheim, M
577136;577;506;Gunzenhausen, St
577138;577;506;Haundorf
577140;577;506;Heidenheim, M
577141;577;506;Höttingen
577148;577;506;Langenaltheim
577149;577;506;Markt Berolzheim, M
577150;577;506;Meinheim
577151;577;506;Nennslingen, M
577158;577;506;Pappenheim, St
577159;577;506;Pfofeld
577161;577;506;Pleinfeld, M
577162;577;506;Polsingen
577163;577;506;Raitenbuch
577168;577;506;Solnhofen
577172;577;506;Theilenhofen
577173;577;506;Treuchtlingen, St
577177;577;506;Weißenburg i.Bay., GKSt
577179;577;506;Westheim
661000;661;602;Aschaffenburg, krfr. St
662000;662;608;Schweinfurt, krfr. St
663001;663;610;Altstadt
663002;663;610;Zellerau
663003;663;610;Dürrbachtal
663004;663;610;Grombühl
663005;663;610;Lindleinsmühle
663006;663;610;Frauenland
663007;663;610;Sanderau
663008;663;610;Heidingsfeld
663009;663;610;Heuchelhof
663010;663;610;Steinbachtal
663011;663;610;Versbach
663012;663;610;Lengfeld
663013;663;610;Rottenbauer
671111;671;601;Alzenau, St
671112;671;601;Bessenbach
671113;671;601;Blankenbach
671114;671;601;Karlstein a.Main
671119;671;601;Geiselbach
671120;671;602;Glattbach
671121;671;602;Goldbach, M
671122;671;602;Großostheim, M
671124;671;602;Haibach
671126;671;601;Heigenbrücken
671127;671;601;Heimbuchenthal
671128;671;601;Heinrichsthal
671130;671;601;Hösbach, M
671133;671;602;Johannesberg
671134;671;601;Kahl a.Main
671135;671;601;Kleinkahl
671136;671;601;Kleinostheim
671138;671;601;Krombach
671139;671;601;Laufach
671140;671;602;Mainaschaff
671141;671;601;Mespelbrunn
671143;671;601;Mömbris, M
671148;671;601;Rothenbuch
671150;671;601;Sailauf
671152;671;601;Schöllkrippen, M
671153;671;601;Sommerkahl
671155;671;602;Stockstadt a.Main, M
671156;671;601;Waldaschaff
671157;671;601;Weibersbrunn
671159;671;601;Westerngrund
671160;671;601;Dammbach
671162;671;601;Wiesen
672111;672;603;Aura a.d.Saale
672112;672;603;Bad Bocklet, M
672113;672;603;Bad Brückenau, St
672114;672;603;Bad Kissingen, GKSt
672117;672;603;Burkardroth, M
672121;672;603;Elfershausen, M
672122;672;603;Euerdorf, M
672124;672;603;Fuchsstadt
672126;672;603;Geroda, M
672127;672;603;Hammelburg, St
672131;672;603;Maßbach, M
672134;672;603;Motten
672135;672;603;Münnerstadt, St
672136;672;603;Nüdlingen
672138;672;603;Oberleichtersbach
672139;672;603;Oberthulba, M
672140;672;603;Oerlenbach
672142;672;603;Ramsthal
672143;672;603;Rannungen
672145;672;603;Riedenberg
672149;672;603;Schondra, M
672155;672;603;Sulzthal, M
672157;672;603;Thundorf i.UFr.
672161;672;603;Wartmannsroth
672163;672;603;Wildflecken, M
672166;672;603;Zeitlofs, M
673113;673;604;Aubstadt
673114;673;604;Bad Neustadt a.d.Saale, St
673116;673;604;Bastheim
673117;673;603;Bischofsheim a.d.Rhön, St
673123;673;603;Fladungen, St
673126;673;604;Großbardorf
673127;673;604;Großeibstadt
673129;673;603;Hausen
673130;673;604;Hendungen
673131;673;604;Herbstadt
673133;673;604;Heustreu
673134;673;604;Höchheim
673135;673;604;Hohenroth
673136;673;604;Hollstadt
673141;673;604;Bad Königshofen i.Grabfeld, St
673142;673;604;Mellrichstadt, St
673146;673;604;Niederlauer
673147;673;603;Nordheim v.d.Rhön
673149;673;603;Oberelsbach, M
673151;673;604;Oberstreu
673153;673;603;Ostheim v.d.Rhön, St
673156;673;604;Rödelmaier
673160;673;604;Saal a.d.Saale, M
673161;673;604;Salz
673162;673;603;Sandberg
673163;673;604;Schönau a.d.Brend
673167;673;603;Sondheim v.d.Rhön
673170;673;604;Stockheim
673171;673;604;Strahlungen
673172;673;604;Sulzdorf a.d.Lederhecke
673173;673;604;Sulzfeld
673174;673;604;Trappstadt, M
673175;673;604;Unsleben
673182;673;603;Willmars
673183;673;604;Wollbach
673184;673;604;Wülfershausen a.d.Saale
673186;673;604;Burglauer
674111;674;604;Aidhausen
674118;674;604;Breitbrunn
674120;674;604;Bundorf
674121;674;604;Burgpreppach, M
674129;674;604;Ebelsbach
674130;674;604;Ebern, St
674133;674;604;Eltmann, St
674139;674;604;Gädheim
674147;674;604;Haßfurt, St
674149;674;604;Hofheim i.UFr., St
674153;674;604;Riedbach
674159;674;604;Oberaurach
674160;674;604;Kirchlauter
674163;674;604;Knetzgau
674164;674;604;Königsberg i.Bay., St
674171;674;604;Maroldsweisach, M
674180;674;604;Theres
674184;674;604;Pfarrweisach
674187;674;604;Rauhenebrach
674190;674;604;Rentweinsdorf, M
674195;674;604;Sand a.Main
674201;674;604;Stettfeld
674210;674;604;Untermerzbach
674219;674;604;Wonfurt
674221;674;604;Zeil a.Main, St
674223;674;604;Ermershausen
675111;675;605;Abtswind, M
675112;675;605;Albertshofen
675113;675;605;Biebelried
675114;675;605;Buchbrunn
675116;675;605;Castell
675117;675;605;Dettelbach, St
675127;675;605;Geiselwind, M
675131;675;605;Großlangheim, M
675139;675;605;Iphofen, St
675141;675;605;Kitzingen, GKSt
675142;675;605;Kleinlangheim, M
675144;675;605;Mainbernheim, St
675146;675;605;Mainstockheim
675147;675;605;Marktbreit, St
675148;675;605;Markt Einersheim, M
675149;675;605;Marktsteft, St
675150;675;605;Martinsheim
675155;675;605;Nordheim a.Main
675156;675;605;Obernbreit, M
675158;675;605;Prichsenstadt, St
675161;675;605;Rödelsee
675162;675;605;Rüdenhausen, M
675165;675;605;Schwarzach a.Main, M
675166;675;605;Segnitz
675167;675;605;Seinsheim, M
675169;675;605;Sommerach
675170;675;605;Sulzfeld a.Main
675174;675;605;Volkach, St
675177;675;605;Wiesenbronn
675178;675;605;Wiesentheid, M
675179;675;605;Willanzheim, M
676111;676;607;Altenbuch
676112;676;607;Amorbach, St
676116;676;607;Bürgstadt, M
676117;676;607;Collenberg
676118;676;607;Dorfprozelten
676119;676;607;Eichenbühl
676121;676;607;Elsenfeld, M
676122;676;607;Erlenbach a.Main, St
676123;676;607;Eschau, M
676124;676;607;Faulbach
676125;676;607;Großheubach, M
676126;676;607;Großwallstadt
676128;676;607;Hausen
676131;676;607;Kirchzell, M
676132;676;607;Kleinheubach, M
676133;676;607;Kleinwallstadt, M
676134;676;607;Klingenberg a.Main, St
676135;676;607;Laudenbach
676136;676;607;Leidersbach
676139;676;607;Miltenberg, St
676140;676;607;Mömlingen
676141;676;607;Mönchberg, M
676143;676;607;Neunkirchen
676144;676;607;Niedernberg
676145;676;607;Obernburg a.Main, St
676151;676;607;Röllbach
676153;676;607;Rüdenau
676156;676;607;Schneeberg, M
676158;676;607;Stadtprozelten, St
676160;676;607;Sulzbach a.Main, M
676165;676;607;Weilbach, M
676169;676;607;Wörth a.Main, St
677114;677;606;Arnstein, St
677116;677;606;Aura i.Sinngrund
677119;677;606;Birkenfeld
677120;677;606;Bischbrunn
677122;677;606;Burgsinn, M
677125;677;606;Erlenbach b.Marktheidenfeld
677126;677;606;Esselbach
677127;677;606;Eußenheim
677128;677;606;Fellen
677129;677;606;Frammersbach, M
677131;677;606;Gemünden a.Main, St
677132;677;606;Gössenheim
677133;677;606;Gräfendorf
677135;677;606;Hafenlohr
677137;677;606;Hasloch
677142;677;606;Himmelstadt
677146;677;606;Karbach, M
677148;677;606;Karlstadt, St
677149;677;606;Karsbach
677151;677;606;Kreuzwertheim, M
677154;677;606;Triefenstein, M
677155;677;606;Lohr a.Main, St
677157;677;606;Marktheidenfeld, St
677159;677;606;Mittelsinn
677164;677;606;Neuendorf
677165;677;606;Neuhütten
677166;677;606;Neustadt a.Main
677169;677;606;Obersinn, M
677170;677;606;Partenstein
677172;677;606;Rechtenbach
677175;677;606;Retzstadt
677177;677;606;Rieneck, St
677178;677;606;Roden
677181;677;606;Rothenfels, St
677182;677;606;Schollbrunn
677186;677;606;Steinfeld
677189;677;606;Thüngen, M
677193;677;606;Urspringen
677200;677;606;Wiesthal
677203;677;606;Zellingen, M
678115;678;608;Bergrheinfeld
678122;678;605;Dingolshausen
678123;678;608;Dittelbrunn
678124;678;605;Donnersdorf
678128;678;608;Euerbach
678130;678;605;Frankenwinheim
678132;678;608;Geldersheim
678134;678;605;Gerolzhofen, St
678135;678;608;Gochsheim
678136;678;608;Grafenrheinfeld
678138;678;608;Grettstadt
678150;678;605;Kolitzheim
678153;678;605;Lülsfeld
678157;678;605;Michelau i.Steigerwald
678160;678;608;Niederwerrn
678164;678;605;Oberschwarzach, M
678168;678;608;Poppenhausen
678170;678;608;Röthlein
678174;678;608;Schonungen
678175;678;608;Schwanfeld
678176;678;608;Schwebheim
678178;678;608;Sennfeld
678181;678;608;Stadtlauringen, M
678183;678;605;Sulzheim
678186;678;608;Üchtelhausen
678190;678;608;Waigolshausen
678192;678;608;Wasserlosen
678193;678;608;Werneck, M
678196;678;608;Wipfeld
679114;679;609;Aub, St
679117;679;609;Bergtheim
679118;679;609;Bieberehren
679122;679;609;Bütthard, M
679124;679;609;Eibelstadt, St
679126;679;609;Eisingen
679128;679;609;Erlabrunn
679130;679;609;Estenfeld
679131;679;609;Frickenhausen a.Main, M
679134;679;609;Gaukönigshofen
679135;679;609;Gelchsheim, M
679136;679;610;Gerbrunn
679137;679;609;Geroldshausen
679138;679;609;Giebelstadt, M
679141;679;609;Greußenheim
679142;679;609;Güntersleben
679143;679;609;Hausen b.Würzburg
679144;679;609;Helmstadt, M
679146;679;609;Hettstadt
679147;679;609;Höchberg, M
679149;679;609;Holzkirchen
679153;679;609;Kirchheim
679154;679;609;Kist
679155;679;609;Kleinrinderfeld
679156;679;609;Kürnach
679161;679;609;Margetshöchheim
679164;679;609;Neubrunn, M
679165;679;609;Altertheim
679167;679;609;Eisenheim, M
679169;679;609;Oberpleichfeld
679170;679;609;Ochsenfurt, St
679174;679;609;Prosselsheim
679175;679;609;Randersacker, M
679176;679;609;Reichenberg, M
679177;679;609;Remlingen, M
679179;679;609;Riedenheim
679180;679;609;Rimpar, M
679182;679;609;Röttingen, St
679185;679;610;Rottendorf
679187;679;609;Sommerhausen, M
679188;679;609;Sonderhofen
679192;679;609;Tauberrettersheim
679193;679;609;Theilheim
679194;679;609;Thüngersheim
679196;679;609;Uettingen
679200;679;609;Leinach
679201;679;609;Unterpleichfeld
679202;679;609;Veitshöchheim
679204;679;609;Waldbrunn
679205;679;609;Waldbüttelbrunn
679206;679;609;Winterhausen, M
679209;679;609;Zell a.Main, M
761001;761;701;Lechviertel, östl. Ulrichsviertel
761002;761;701;Innenstadt, St. Ulrich-Dom
761003;761;701;Bahnhofs-, Bismarckviertel
761004;761;701;Georgs- und Kreuzviertel
761005;761;701;Stadtjägerviertel
761006;761;702;Rechts der Wertach
761007;761;701;Bleich und Pfärrle
761008;761;701;Jakobervorstadt-Nord
761009;761;701;Jakobervorstadt-Süd
761010;761;701;Am Schäfflerbach
761011;761;701;Spickel
761013;761;702;Hochfeld
761014;761;702;Antonsviertel
761015;761;702;Rosenau- und Thelottviertel
761016;761;702;Pfersee-Süd
761017;761;702;Pfersee-Nord
761018;761;702;Kriegshaber
761019;761;702;Links der Wertach-Süd
761020;761;702;Links der Wertach-Nord
761021;761;702;Oberhausen-Süd
761022;761;702;Oberhausen-Nord
761023;761;702;Bärenkeller
761024;761;701;Hochzoll-Nord
761025;761;701;Lechhausen-Süd
761026;761;701;Lechhausen-Ost
761027;761;701;Lechhausen-West
761028;761;701;Firnhaberau
761029;761;701;Hammerschmiede
761030;761;701;Wolfram- und Herrenbachviertel
761031;761;701;Hochzoll-Süd
761032;761;701;Universitätsviertel
761033;761;701;Haunstetten-Nord
761034;761;701;Haunstetten-West
761035;761;701;Haunstetten-Ost
761036;761;701;Haunstetten-Süd
761037;761;702;Göggingen-Nordwest
761038;761;702;Göggingen-Nordost
761039;761;702;Göggingen-Ost
761040;761;702;Göggingen-Süd
761041;761;702;Inningen
761042;761;702;Bergheim
762000;762;708;Kaufbeuren, krfr. St
763000;763;709;Kempten (Allgäu), krfr. St
764000;764;712;Memmingen, krfr. St
771111;771;703;Adelzhausen
771112;771;703;Affing
771113;771;703;Aichach, St
771114;771;703;Aindling, M
771122;771;703;Dasing
771129;771;703;Eurasburg
771130;771;703;Friedberg, St
771140;771;703;Hollenbach
771141;771;703;Inchenhofen, M
771142;771;703;Kissing
771144;771;703;Kühbach, M
771145;771;703;Merching
771146;771;703;Mering, M
771149;771;703;Obergriesbach
771155;771;703;Petersdorf
771156;771;703;Pöttmes, M
771158;771;703;Rehling
771160;771;703;Ried
771162;771;703;Schiltberg
771163;771;703;Schmiechen
771165;771;703;Sielenbach
771168;771;703;Steindorf
771169;771;703;Todtenweis
771176;771;703;Baar (Schwaben)
772111;772;705;Adelsried
772114;772;704;Allmannshofen
772115;772;704;Altenmünster
772117;772;705;Aystetten
772121;772;704;Biberbach, M
772125;772;705;Bobingen, St
772126;772;704;Bonstetten
772130;772;705;Diedorf, M
772131;772;705;Dinkelscherben, M
772134;772;704;Ehingen
772136;772;704;Ellgau
772137;772;704;Emersacker
772141;772;705;Fischach, M
772145;772;704;Gablingen
772147;772;702;Gersthofen, St
772148;772;705;Gessertshausen
772149;772;705;Graben
772151;772;705;Großaitingen
772156;772;704;Heretsried
772157;772;705;Hiltenfingen
772159;772;705;Horgau
772160;772;705;Kleinaitingen
772162;772;705;Klosterlechfeld
772163;772;705;Königsbrunn, St
772166;772;704;Kühlenthal
772167;772;705;Kutzenhausen
772168;772;705;Langenneufnach
772170;772;705;Langerringen
772171;772;704;Langweid a.Lech
772177;772;704;Meitingen, M
772178;772;705;Mickhausen
772179;772;705;Mittelneufnach
772184;772;702;Neusäß, St
772185;772;704;Nordendorf
772186;772;705;Oberottmarshausen
772197;772;705;Scherstetten
772200;772;705;Schwabmünchen, St
772202;772;705;Stadtbergen, St
772207;772;704;Thierhaupten, M
772209;772;705;Untermeitingen
772211;772;705;Ustersbach
772214;772;705;Walkertshofen
772215;772;705;Wehringen
772216;772;704;Welden, M
772217;772;704;Westendorf
772223;772;705;Zusmarshausen, M
773111;773;704;Aislingen, M
773112;773;704;Bachhagel
773113;773;704;Bächingen a.d.Brenz
773116;773;704;Binswangen
773117;773;704;Bissingen, M
773119;773;704;Blindheim
773122;773;704;Buttenwiesen
773125;773;704;Dillingen a.d.Donau, GKSt
773133;773;704;Glött
773136;773;704;Gundelfingen a.d.Donau, St
773137;773;704;Haunsheim
773139;773;704;Höchstädt a.d.Donau, St
773140;773;704;Holzheim
773143;773;704;Laugna
773144;773;704;Lauingen (Donau), St
773146;773;704;Lutzingen
773147;773;704;Mödingen
773150;773;704;Finningen
773153;773;704;Medlingen
773164;773;704;Schwenningen
773170;773;704;Syrgenstein
773179;773;704;Villenbach
773182;773;704;Wertingen, St
773183;773;704;Wittislingen, M
773186;773;704;Ziertheim
773187;773;704;Zöschingen
773188;773;704;Zusamaltheim
774111;774;707;Aletshausen
774115;774;707;Balzhausen
774116;774;707;Ursberg
774117;774;707;Breitenthal
774118;774;707;Bubesheim
774119;774;707;Bibertal
774121;774;707;Burgau, St
774122;774;707;Burtenbach, M
774124;774;707;Deisenhausen
774127;774;707;Dürrlauingen
774129;774;707;Ebershausen
774133;774;707;Ellzee
774135;774;707;Günzburg, GKSt
774136;774;707;Gundremmingen
774140;774;707;Haldenwang
774143;774;707;Ichenhausen, St
774144;774;707;Jettingen-Scheppach, M
774145;774;707;Kammeltal
774148;774;707;Kötz
774150;774;707;Krumbach (Schwaben), St
774151;774;707;Landensberg
774155;774;707;Leipheim, St
774160;774;707;Münsterhausen, M
774162;774;707;Neuburg a.d.Kammel, M
774166;774;707;Aichen
774171;774;707;Offingen, M
774174;774;707;Rettenbach
774178;774;707;Röfingen
774185;774;707;Thannhausen, St
774189;774;707;Wiesenbach
774191;774;707;Waldstetten, M
774192;774;707;Waltenhausen
774196;774;707;Winterbach
774198;774;707;Ziemetshausen, M
775111;775;712;Altenstadt, M
775115;775;713;Bellenberg
775118;775;712;Buch, M
775126;775;713;Holzheim
775129;775;713;Illertissen, St
775132;775;712;Kellmünz a.d.Iller, M
775134;775;713;Nersingen
775135;775;713;Neu-Ulm, GKSt
775139;775;713;Elchingen
775141;775;712;Oberroth
775142;775;712;Osterberg
775143;775;713;Pfaffenhofen a.d.Roth, M
775149;775;713;Roggenburg
775152;775;713;Senden, St
775161;775;712;Unterroth
775162;775;713;Vöhringen, St
775164;775;713;Weißenhorn, St
776111;776;710;Bodolz
776112;776;710;Gestratz
776113;776;710;Grünenbach
776114;776;710;Heimenkirch, M
776115;776;710;Hergensweiler
776116;776;710;Lindau (Bodensee), GKSt
776117;776;710;Lindenberg i.Allgäu, St
776118;776;710;Maierhöfen
776120;776;710;Nonnenhorn
776121;776;710;Oberreute
776122;776;710;Opfenbach
776124;776;710;Röthenbach (Allgäu)
776125;776;710;Scheidegg, M
776126;776;710;Sigmarszell
776127;776;710;Stiefenhofen
776128;776;710;Wasserburg (Bodensee)
776129;776;710;Weiler-Simmerberg, M
776130;776;710;Weißensberg
776131;776;710;Hergatz
777111;777;711;Aitrang
777112;777;711;Biessenhofen
777114;777;711;Baisweil
777118;777;711;Bidingen
777121;777;711;Buchloe, St
777124;777;711;Eggenthal
777125;777;711;Eisenberg
777128;777;711;Friesenried
777129;777;711;Füssen, St
777130;777;708;Germaringen
777131;777;711;Görisried
777135;777;711;Hopferau
777138;777;711;Günzach
777139;777;708;Irsee, M
777140;777;711;Jengen
777141;777;711;Kaltental, M
777144;777;711;Kraftisried
777145;777;711;Lamerdingen
777147;777;711;Lechbruck am See
777149;777;711;Lengenwang
777151;777;711;Marktoberdorf, St
777152;777;708;Mauerstetten
777153;777;711;Nesselwang, M
777154;777;711;Obergünzburg, M
777155;777;711;Oberostendorf
777157;777;711;Osterzell
777158;777;708;Pforzen
777159;777;711;Pfronten
777163;777;711;Rieden am Forggensee
777164;777;708;Rieden
777165;777;711;Ronsberg, M
777166;777;711;Roßhaupten
777167;777;711;Ruderatshofen
777168;777;711;Rückholz
777169;777;711;Schwangau
777170;777;711;Seeg
777171;777;711;Stötten a.Auerberg
777172;777;711;Stöttwang
777173;777;711;Halblech
777175;777;711;Unterthingau, M
777176;777;711;Untrasried
777177;777;711;Waal, M
777179;777;711;Wald
777182;777;711;Westendorf
777183;777;711;Rettenbach a.Auerberg
778111;778;708;Amberg
778113;778;708;Apfeltrach
778115;778;712;Babenhausen, M
778116;778;708;Bad Wörishofen, St
778118;778;712;Benningen
778119;778;712;Böhen
778120;778;712;Boos
778121;778;708;Breitenbrunn
778123;778;712;Buxheim
778127;778;708;Dirlewang, M
778130;778;712;Egg a.d.Günz
778134;778;708;Eppishausen
778136;778;712;Erkheim, M
778137;778;708;Ettringen
778139;778;712;Fellheim
778144;778;712;Bad Grönenbach, M
778149;778;712;Hawangen
778150;778;712;Heimertingen
778151;778;712;Holzgünz
778157;778;712;Kirchhaslach
778158;778;708;Kirchheim i.Schw., M
778161;778;712;Kronburg
778162;778;712;Lachen
778163;778;712;Lauben
778164;778;712;Lautrach
778165;778;712;Legau, M
778168;778;712;Markt Rettenbach, M
778169;778;708;Markt Wald, M
778171;778;712;Memmingerberg
778173;778;708;Mindelheim, St
778177;778;712;Niederrieden
778180;778;712;Kammlach
778183;778;708;Oberrieden
778184;778;712;Oberschönegg
778186;778;712;Ottobeuren, M
778187;778;708;Pfaffenhausen, M
778188;778;712;Pleß
778190;778;708;Salgen
778196;778;712;Sontheim
778199;778;708;Stetten
778202;778;712;Trunkelsberg
778203;778;708;Türkheim, M
778204;778;708;Tussenhausen, M
778205;778;712;Ungerhausen
778207;778;708;Unteregg
778209;778;708;Rammingen
778214;778;712;Westerheim
778216;778;708;Wiedergeltingen
778217;778;712;Winterrieden
778218;778;712;Wolfertschwenden
778219;778;712;Woringen
778221;778;712;Kettershausen
779111;779;706;Alerheim
779112;779;706;Amerdingen
779115;779;706;Asbach-Bäumenheim
779117;779;706;Auhausen
779126;779;706;Buchdorf
779129;779;706;Daiting
779130;779;706;Deiningen
779131;779;706;Donauwörth, GKSt
779136;779;706;Ederheim
779138;779;706;Ehingen a.Ries
779146;779;706;Forheim
779147;779;706;Fremdingen
779148;779;706;Fünfstetten
779149;779;706;Genderkingen
779154;779;706;Hainsfarth
779155;779;706;Harburg (Schwaben), St
779162;779;706;Hohenaltheim
779163;779;706;Holzheim
779167;779;706;Huisheim
779169;779;706;Kaisheim, M
779176;779;706;Maihingen
779177;779;706;Marktoffingen
779178;779;706;Marxheim
779180;779;706;Megesheim
779181;779;706;Mertingen
779184;779;706;Mönchsdeggingen
779185;779;706;Möttingen
779186;779;706;Monheim, St
779187;779;706;Münster
779188;779;706;Munningen
779192;779;706;Niederschönenfeld
779194;779;706;Nördlingen, GKSt
779196;779;706;Oberndorf a.Lech
779197;779;706;Oettingen i.Bay., St
779198;779;706;Otting
779201;779;706;Rain, St
779203;779;706;Reimlingen
779206;779;706;Rögling
779217;779;706;Tagmersheim
779218;779;706;Tapfheim
779224;779;706;Wallerstein, M
779226;779;706;Wechingen
779228;779;706;Wemding, St
779231;779;706;Wolferstadt
780112;780;709;Altusried, M
780113;780;710;Balderschwang
780114;780;709;Betzigau
780115;780;710;Blaichach
780116;780;710;Bolsterlang
780117;780;709;Buchenberg, M
780118;780;710;Burgberg i.Allgäu
780119;780;709;Dietmannsried, M
780120;780;709;Durach
780121;780;710;Fischen i.Allgäu
780122;780;709;Haldenwang
780123;780;710;Bad Hindelang, M
780124;780;710;Immenstadt i.Allgäu, St
780125;780;709;Lauben
780127;780;709;Missen-Wilhams
780128;780;709;Oy-Mittelberg
780131;780;710;Obermaiselstein
780132;780;710;Oberstaufen, M
780133;780;710;Oberstdorf, M
780134;780;710;Ofterschwang
780137;780;710;Rettenberg
780139;780;710;Sonthofen, St
780140;780;709;Sulzberg, M
780143;780;709;Waltenhofen
780144;780;709;Weitnau, M
780145;780;709;Wertach, M
780146;780;709;Wiggensbach, M
780147;780;709;Wildpoldsried